url,title,meta,h1,word_count,content
https://marketbeaconpro.com/,MarketBeaconPro - Digital Marketing Services,MarketBeaconPro provides comprehensive digital marketing solutions for businesses.,Digital Marketing Services - MarketBeaconPro,450,"Homepage content placeholder"
https://marketbeaconpro.com/services/seo/,SEO Services - MarketBeaconPro,Professional SEO services to improve your search rankings and drive organic traffic.,SEO Services - MarketBeaconPro,320,"SEO services content"
https://marketbeaconpro.com/services/ppc/,PPC Advertising - MarketBeaconPro,Maximize ROI with targeted PPC advertising campaigns managed by experts.,PPC Advertising - MarketBeaconPro,280,"PPC services content"
https://marketbeaconpro.com/services/social-media/,Social Media Marketing - MarketBeaconPro,Build brand awareness with strategic social media marketing campaigns.,Social Media Marketing - MarketBeaconPro,200,"Social media content"
https://marketbeaconpro.com/services/content-marketing/,Content Marketing - MarketBeaconPro,Drive engagement with data-driven content marketing strategies.,Content Marketing - MarketBeaconPro,350,"Content marketing content"
https://marketbeaconpro.com/services/analytics/,Analytics & Reporting - MarketBeaconPro,Measure and optimize your marketing performance with detailed analytics.,Analytics - MarketBeaconPro,180,"Analytics content"
https://marketbeaconpro.com/blog/,Blog - MarketBeaconPro,Latest insights and tips on digital marketing from MarketBeaconPro.,Blog,500,"Blog archive content"
https://marketbeaconpro.com/about/,About Us - MarketBeaconPro,Learn about our team and mission to help businesses grow online.,About MarketBeaconPro,400,"About page content"
https://marketbeaconpro.com/contact/,Contact - MarketBeaconPro,Get in touch with our team for a free consultation.,Contact MarketBeaconPro,250,"Contact page content"
